tweet,sentiment
"I am coming to the borders and I will kill you all,",Negative
"im getting on borderlands and i will kill you all,",Negative
"im coming on borderlands and i will murder you all,",Negative
"im getting on borderlands 2 and i will murder you me all,",Negative
"im getting into borderlands and i can murder you all,",Negative
So I spent a few hours making something for fun. . . If you don't know I am a HUGE @Borderlands fan and Maya is one of my favorite characters. So I decided to make myself a wallpaper for my PC. . Here is the original image versus the creation I made :) Enjoy! pic.twitter.com/mLsI5wf9Jg,Positive
"So I spent a couple of hours doing something for fun... If you don't know that I'm a huge @ Borderlands fan and Maya is one of my favorite characters, I decided to make a wallpaper for my PC.. Here's the original picture compared to the creation I made:) Have fun! pic.twitter.com / mLsI5wf9Jg",Positive
So I spent a few hours doing something for fun... If you don't know I'm a HUGE @ Borderlands fan and Maya is one of my favorite characters.,Positive
So I spent a few hours making something for fun. . . If you don't know I am a HUGE RhandlerR fan and Maya is one of my favorite characters. So I decided to make myself a wallpaper for my PC. . Here is the original image versus the creation I made :) Enjoy! pic.twitter.com/mLsI5wf9Jg,Positive
2010 So I spent a few hours making something for fun. . . If you don't know I am a HUGE RhandlerR fan and Maya is one of my favorite characters. So I decided to make myself a wallpaper for my PC. . Here is the original image versus the creation I made :) Enjoy! pic.twitter.com/mLsI5wf9Jg,Positive
was,Neutral
"Rock-Hard La Varlope, RARE & POWERFUL, HANDSOME JACKPOT, Borderlands 3 (Xbox) dlvr.it/RMTrgF  ",Positive
"Rock-Hard La Varlope, RARE & POWERFUL, HANDSOME JACKPOT, Borderlands 3 (Xbox) dlvr.it / RMTrgF",Positive
"Rock-Hard La Varlope, RARE & POWERFUL, HANDSOME JACKPOT, Borderlands 3 (Xbox) dfr.it / RMTrgF",Positive
"Rock-Hard La Vita, RARE BUT POWERFUL, HANDSOME JACKPOT, Borderlands 1 (Xbox) dlvr.it/RMTrgF",Positive
"Live Rock - Hard music La la Varlope, RARE & the POWERFUL, Live HANDSOME i JACKPOT, Borderlands 3 ( Sega Xbox ) dlvr. From it / e RMTrgF",Neutral
"I-Hard like me, RARE LONDON DE, HANDSOME 2011, Borderlands 3 (Xbox) dlvr.it/RMTrgF",Neutral
that was the first borderlands session in a long time where i actually had a really satisfying combat experience. i got some really good kills,Positive
this was the first Borderlands session in a long time where i actually had a really satisfying fighting experience. i got some really good kills,Positive
that was the first borderlands session in a long time where i actually had a really satisfying combat experience. i got some really good kills,Positive
that was the first borderlands session in a long time where i actually enjoyed a really satisfying combat experience. i got some rather good kills,Positive
that I was the first real borderlands session in a nice long wait time where i actually had a really satisfying combat experience. and i got some really good kills,Positive
that was the first borderlands session in a hot row where i actually had a really bad combat experience. i did some really good kills,Positive
the biggest dissappoinment in my life came out a year ago fuck borderlands 3,Negative
The biggest disappointment of my life came a year ago.,Negative
The biggest disappointment of my life came a year ago.,Negative
the biggest dissappoinment in my life coming out a year ago fuck borderlands 3,Negative
For the biggest male dissappoinment in my life came hanging out a year time ago fuck borderlands 3,Negative
the biggest dissappoinment in my life came back last year ago fuck borderlands last,Negative
WE FINISHED BORDERLANDS 3 FINALLY YAS! Thank you for hanging out everyone! It was fun. I will try to stream tomorrow but if not I might so some IRL streams while awayu. We shall see. Thank you so much for the raids @mompou_mumpow @MegaMagwitch and @KfdMitch.,Positive
"WE FINALLY FINALLY FIND BORDERLANDS 3 YES! Thank you all for hanging out! It was fun. I'll try to stream tomorrow, but if not, maybe some IRL streams. We'll see. Thanks for the raids @ mompou _ mumpow @ MegaMagwitch and @ KfdMitch.",Positive
"Thank you for hanging up everyone! It was fun. I'll try to get a haircut tomorrow, but if it wasn't for me, some IRL streams would still be in Hawaii. We'll see. Thank you so much for the @ mompou _ mumpow @ MegaMagwife and @ fendMitch raids.",Positive
WE FINISHED BORDERLANDS 3 UPDATE YAS! Thank you for hanging out guys! It was fun. I will try to stream and even if not I might so some IRL streams while awayu. We shall go. Thank you so much for the raids @mompou_mumpow @MegaMagwitch and Hope.,Positive
WE FINISHED BORDERLANDS 3 AND FINALLY YAS! Thank you everyone for hanging out everyone! It was fun. I will try to make stream tomorrow but if not I might make so some IRL streams while awayu. 10 We never shall see. Thank you both so... much for the raids @mompou_mumpow or @MegaMagwitch and 4 @KfdMitch.,Positive
WE FINISHED BORDERLANDS 3 FINALLY YAS! Hey you for hanging out so! It was fun. I will try that stream tomorrow and if not I might use some IRL streams from awayu. We shall see. Thank you so much how many raids @mompou_mumpow did and their.,Positive
Man Gearbox really needs to fix this dissapointing drops in the new Borderlands 3 DLC cant be fine to farm bosses on Mayhem 10 to get 1 legendary drop while anywhere else i get 6-10 drops. . Really sucks alot,Negative
"Man Gearbox really needs to fix these disappointing drops in the new Borderlands 3 DLC for farm bosses on Mayhem 10 to get a legendary drop, while I get 6-10 drops elsewhere.",Negative
Man Gearbox really needs to fix this disssapointing drops in the new Borderlands 3 DLC cant be fine to farm bosses on Mayhem 10 to get 1 legendary drop while elsewhere i get 6-10 drops... Really sucks alot,Negative
Man Bethesda really needs to fix this dissapointing drops and the new Borderlands 3 It cant be fine to farm bosses on Mayhem 10 to get 1 legendary drop while anywhere else i get 6-10 drops.. Really sucks...,Negative
Man Gearbox really needs to fix this dissapointing drops in the completely new Borderlands 3 Days DLC i cant e be fine having to be farm bosses on Mayhem 10 to e get 1 legendary foot drop while anywhere else i get 6 - 10 drops.. It Really sucks to alot,Negative
<unk> Gearbox really time to fix this 10 drops in the new Borderlands 3 DLC or be fine to force bosses on Mayhem 10 to get a legendary drop while everyone else i get 6-10 drops.. Really needs alot,Neutral
Check out this epic streamer!.  ,Positive
Check out this epic streamer!.,Positive
Watch this epic striptease!.,Positive
Check out our epic streamer!.,Positive
Check out this big epic streamer!.,Positive
Check<unk> this epic streamer!.,Positive
Blaming Sight for Tardiness! A little bit of borderlands. I got called in early for work tomorrow so I can't make up time. Sorry my loves .  twitch.tv/punnisenpai,Neutral
"A bit of borderland. I was called to work tomorrow morning, so I can't catch up. Sorry, my love. twitch.tv / punnisenpai",Neutral
"Guilty of sobriety! A bit of a borderline. I was called to work early tomorrow, so I can't catch up.",Negative
Blaming Sight for Tardiness! A little bit of borderlands. I got called in early for work tomorrow so I can't make up time. Sorry my loves .  twitch.tv/punnisenpai,Neutral
for Blaming Sight for Tardiness! A little bit of borderlands. I got called in early for work tomorrow so I can't make up time. Sorry my loves .  twitch.tv/punnisenpai,Negative
all,Neutral
why does like every man in borderlands have slicked back hair haven’t you heard of bangs you stupid assholes,Negative
"Why, like every man in border countries, have you not heard of bangs, you stupid assholes?",Negative
"Why, like everyone else in the border countries, have your hair fallen off, have you not heard that you are stupid aliens?",Negative
why does like<unk> man in borderlands have slicked back hair or you heard of bangs you stupid assholes,Negative
why Beth does like every man in borderlands have she slicked that back hair haven ’ t you heard enough of gray bangs you stupid assholes,Negative
why does practically every man in France have slicked back hair haven’t you heard of bangs the greedy assholes,Negative
 . . [  ,Neutral
,Neutral
.. [,Neutral
.. 45,Neutral
.. [,Neutral
.. what,Neutral
Going to finish up Borderlands 2 today. I've got some new commands set up and am looking forward to a good stream! Starting in about am hour!,Positive
I will finish Borderlands 2 today. I have some new commands set up and am looking forward to a good stream! Start in about an hour!,Positive
I'm going to finish Borderlands 2 today. I have some new commands installed and I'm looking forward to a good stream!,Positive
Going to finish up Borderlands 2 today. I've got some new events set up and am look forward to a good stream! Starting in about 20 hour!,Positive
Going to finish finish cleaning up Borderlands 2 today. I've just got her some new commands set all up and am looking forward it to a good stream! Starting in about am hour!,Positive
Going to finish up volume 2 today. I've got some awesome server set up and is looking forward to a good stream! Starting in about am hour!,Positive
imma probably play some borderlands tps in a bit . that'll be fun,Positive
imma is probably playing a bit of borderland tps. That will be fun.,Positive
imma will probably play some border tps in a bit. It's going to be fun,Positive
imma probably play live borderlands tps in a bit. that'll be fun,Positive
for imma probably play some borderlands tps in a bit. that'yer ll be a fun,Positive
imma probably got some video tps in a bit. that'll make fun,Positive
"One of our own @ProfZeroo is live w/ @borderlands 3‼.  .  . . Catch him here: buff.ly/2WmmiP5 . . Say ""Streamer Shouts"" in chat for a chance to be in a coming. @streamer_shouts Shout Out. . .  ",Neutral
"One of our own @ ProfZeroo is live w / @ borderlands 3.... catch him here: buff.ly / 2WmmiP5.. Say ""Streamer Shouts"" in chat for a chance to be in an upcoming one. @ streamer _ shouts Shout Out...",Neutral
"One of our own @ ProfZero - live w / @ borderlands 3.... Catch him here: buff.ly / 2WmmiP5... Say ""Stream Shouts"" in chat for a chat for a chance to be in a coming. @ stream _ Shouts Shout Out....",Neutral
"One of our own @ProfZeroo is live >/ @borderlands 3‼. . !. Catch him here: buff.ly/2WmmiP5 p. Say some Shouts"" in chat – a chance to be in a coming. Also Shout Out...",Neutral
"One of our shows own @ProfZeroo is live via w / at @borderlands 3 and [UNK].... Catch him here : the buff. ly / to 2WmmiP5.. to Say "" Streamer Shouts "" in chat for a chance to officially be in a series coming. @streamer_shouts 1 Shout Out...",Neutral
"One of its own movies is live w/ @ProfZeroo 3!!.... Catch him from: buff.ly/2WmmiP5.. for ""Streamer Shouts"" in invitation or a chance to be out a coming. All 3 invites...",Neutral
FUCK YESSSSSSSS . ,Positive
FICK YESSSSSS.,Positive
FUCK YESSSSSSSS.,Positive
FUCK YESSSSSSSS<unk>,Positive
A FUCK... YESSSSSSSS.,Negative
FUCK YOU.,Negative
I hate that this easy mayhem modifier event on mayhem won’t last forever. this is the most fun i’ve had in the game since they added them horrible modifiers. @Borderlands please give me the option to play mayhem 10 but turn the modifiers off PLS,Negative
I hate that this simple Chaos Modifier event on Chaos won't last forever. That's the most fun I've had in the game since they added terrible modifiers. @ Borderlands please give me the option to play Chaos 10 but turn off the modifiers.,Negative
I hate that this easy mayhem modifier event on mayhem won't last forever. this is the most fun i've had in the game since they added them horrible modifiers. @ Borderlands please give me the option to play mayhem 10 but turn the modifiers off PLS,Negative
I hate saying this easy day 9 event on mayhem won’t last forever. this is the most fun i’ve had in the game since they added them horrible modifiers. @Borderlands please give me some ability to play mayhem 10 but turn the modifiers off PLS,Negative
I hate thinking that this easy mayhem modifier event on total mayhem won ’ t last forever. this is the absolutely most ridiculous fun experience i ’ ve had in the game almost since... they added them horrible modifiers. @Borderlands please do give me the option option to a play mayhem 10 but turn the modifiers off PLS,Negative
I hate that this easy horrible modifier event on game 10 last forever. That is the best fun i’ve taken in the past until they added them horrible modifiers. @Borderlands please send me the option to play mayhem 10 but turn the modifiers for PLS,Negative
Grounded almost looked pretty cool even despite the borderlands tier unfunny writing until it became yet another survival crafting game. I really can’t wait for this shitty trend to die,Negative
"Grounded looked cool despite the borderline unfunny writing, until it became another survival crafting game. I really can't wait for this crappy trend to die.",Negative
"Grosskreutz looked pretty cool, even despite the unfunny spelling, until it turned into another survival game. I really can't wait for this crap trend to die",Negative
Grounded almost looked pretty cool here despite the borderlands tier unfunny writing until it became yet an survival crafting game. I really can’t wait for this shitty mod to die,Negative
Deep Grounded almost looked pretty cool even despite the borderlands fifth tier unfunny writing format until ultimately it became yet another survival crafting mobile game. I really can ’ t wait for this shitty trend starting to... die,Negative
Grounded almost was pretty cool even despite the top tier unfunny writing until we became yet another annoying crafting game. I seriously can’t wait on this shitty trend to die,Negative
"Appreciate the (sonic) concepts / praxis Valenzuela and Landa-Posas thread together in this talk: multimodal listening, soundwalks, borderlands frameworks, participatory action research, and testimonios. . . So many thoughtful and resonant intersections here.. .  ",Positive
"Appreciate the (sound) concepts / practices that Valenzuela and Landa-Posas combine in this lecture: multimodal listening, soundwalks, borderland frameworks, participatory action research and testimonies... So many thoughtful and resonant intersections here...",Positive
"Evaluate the (sound) concepts / concepts of Valensela and Landa Pozas together in this conversation: multimodal listening, walks, border areas, joint action studies, etc. So many amazing and resonant intersections here...",Positive
"Appreciate the (sonic) concepts / praxis Valenzuela and Moreno-Posas have together in this talk: multimodal listening, soundwalks, borderlands recordings, participatory field research, and testimonios.... So many thoughtful and resonant intersections here.. :-)",Positive
"Appreciate by the ( sonic ) electronic concepts / praxis Valenzuela and Landa - Posas do thread together together in creating this talk : multimodal visual listening, digital soundwalks, borderlands frameworks, participatory action research, interviews and testimonios... So many thoughtful thoughts and resonant intersections reflected here...",Positive
"Appreciate the (sonic) conversations / actions Klein and Landa-Posas brought together in our talk: multimodal experiences, soundwalks, ethical frameworks, participatory action practices, and testimonios... So many provocative and resonant intersections today...",Positive
@Borderlands how do I submit a complaint? Your CEO isn't paying his staff their bonuses.,Negative
"@ Borderlands, how can I file a complaint? Your CEO doesn't pay his employees their bonuses.",Negative
@ Borderlands how to file a complaint? Your CEO doesn't pay his employees bonuses.,Negative
@Borderlands how did I submit a complaint? Your CEO isn't paying his competitors their bonuses.,Negative
@Borderlands how do suppose I submit a complaint? Your CEO isn'ain t even paying his entire staff their bonuses.,Negative
Now how do I submit any complaint? Your CEO isn't offering his staff their bonuses.,Negative
All the Borderlands are fuckin trash,Negative
All the Borderlands are damn rubbish,Negative
All the borderlands are fucking thrash,Negative
All the Borderlands shit fuckin trash,Negative
35 All the Borderlands are fuckin trash,Negative
All the Borderlands are fuckin stupid,Negative
"Finally played through borderlands 3. The actual game play is great. Almost all guns feel fun, and I never once felt like I needed to grind. That story on the other hand.... All I will say Is that I'm very much so looking forward to the eventual cutscene skip :)",Positive
"Finally played by Borderlands 3. The actual game is great. Almost all weapons feel funny, and I never felt like I had to grind. On the other hand... All I will say is that I am very much looking forward to the eventual sequence skip:)",Positive
This story on the other hand.... All I will say is that I'm looking forward to an occasional slip:),Positive
"Finally played through borderlands 3. The open game play is great. Almost all guns feel fun, and I never once felt like I needed to grind. The story on to another hand.... All I will say Is that I'm very much so looking forward to its eventual cutscene skip :)",Positive
"Finally played through borderlands 3. The actual game I play is great. Almost all guns feel fun, and yet I never once felt much like someone I seriously needed to grind. That pretty story on the other side hand.... All I will say Is that I'm very damn much so forward looking forward to the eventual endless cutscene skip : )",Positive
"Finally played through borderlands 5. The actual game play is great. Almost all guns were fun, and I never once felt sure I needed to grind. That story is the other hand.... but I will say now oh yes'm very much so looking forward to the extended cutscene skip :)",Positive
Loving these new @GhostLifestyle cans!! Anyone else drink Ghost?. .. .. . .  ,Positive
I love these new @ GhostLifestyle cans!! Everyone else drinks ghost?....,Positive
Love these new @ GhostLive cans!! Does anyone else drink Ghost?..,Positive
Loving these new @GhostLifestyle cans!! Anyone else drink Ghost?......,Positive
Loving back these three new @GhostLifestyle cans!! By Anyone else else drink Ghost?.......,Positive
do these new @GhostLifestyle<unk> They want drink Ghost?.......,Neutral
Come meet one of the lovely Gaming Goddesses . ,Positive
Meet one of the lovely gambling goddesses.,Positive
Come meet one of the beautiful gods of gambling.,Positive
Come to one of the lovely Gaming Goddesses.,Positive
16 Come meet one of... the lovely Gaming Goddesses.,Positive
Come meet one of the lovely Green Goddesses.,Positive
How the hell are we into Halloween month already?! . ,Negative
How the hell are we already into Halloween month?!.,Negative
How the hell are we already in Halloween month?!.,Negative
How the hell are March into Halloween month already?!.,Negative
How the hell are pulling we into Halloween month starting already?!.,Negative
in the hell are we into Halloween month already?!.,Negative
"""What a bitch!""",Negative
"""What a slut!""",Negative
"""What a bitch!""",Negative
"""What terrible bitch!""",Negative
"""... What a bitch! """,Negative
"""What a miracle!""",Positive
Ok I am LOVING THIS (also playing Bombs Over Baghdad in anything gets me hype)  Very Borderlands like and the concept is A1!,Positive
Ok I'm LOVING THIS (also playing Bombs Over Baghdad in something gives me a hype) Very Borderlands like and the concept is A1!,Positive
Ok I am LOVING THIS (also playing Bombs Over Baghad in anything gets me here) Very Borderlands like and the concept is A1!,Positive
Ok I am LOVING THIS (also seeing Take Over Baghdad in anything gets me hype)  Very Borderlands like and the concept is awesome!,Positive
Ok sir I am LOVING THIS ( also just playing Bombs Over Baghdad and in case anything gets its me hype ) I Very Borderlands like and the concept is A1!,Positive
Ok I am LOVING THIS (also playing Bombs and Earth in anything gets me hype) Very good RPG and the concept is A1!,Positive
Just uninstalled all of my other games to make space for Borderlands 3 . ,Neutral
Just uninstall all my other games to make room for Borderlands 3.,Neutral
Just deleted all my other games to make room for Borderlands 3.,Neutral
Just uninstalled all of my other games will make space for Borderlands 3.,Neutral
Just uninstalled all other of my my other games to make space for watching Borderlands 3.,Neutral
Just uninstalled all of all other games in make space for Borderlands 3.,Neutral
"Already loving Bleeding Edge... what a clever game! Cross between Overwatch, Borderlands and Domination game mode. Cool as!. .  ",Positive
"I love Bleeding Edge... what a clever game! Crossroads of Overwatch, Borderlands and Domination game mode. Cool as!..",Positive
"Cross between Overwatch, Borderlands and Domination game mode. Cool as!.",Positive
"Already loving Bleeding Edge... what a fun game! Cross between Overwatch, Borderlands and Xbox game mode. Cool as!..",Positive
"Already also loving the Bleeding Edge... what is a clever game! Cross between Overwatch, Borderlands and Future Domination game mode. 2016 Cool out as!..",Positive
"Already played Bleeding Edge... what a clever game! Cross between fantasy, Borderlands non Domination game mode. Playing as!..",Positive
Bioshock AND borderlands coming to the switch bitch count me the fuck in,Neutral
Bioshock AND borderlands coming to the switch bitch count me the fuck in,Neutral
Bioshock And borderlands coming to the switch bitch count me the fuck in,Neutral
Bioshock AND borderlands coming to the desert bitch count me the fuck in,Negative
Bioshock Montana AND other borderlands Are coming to the switch bitch count me the fuck in,Neutral
Bioshock AND borderlands coming after your switch bitch count me the fuck in,Negative
Platinum is the best loot @Borderlands  ,Positive
Platinum is the best booty @ Borderlands,Positive
Platinum is the best lot @ Borderlands,Positive
Platinum has the best loot @Borderlands,Positive
Platinum Rock is named the best loot @Borderlands,Positive
Platinum is the best loot the,Positive
"For some reason, my laptop can run Borderlands 3, War thunder and Warframe all on high settings.. . BUT. . The moment I even try to even launch Csgo my entire computer crashes...",Negative
"For some reason my laptop can run Borderlands 3, War Thunder and Warframe at high settings... BUT.. the moment I even try to start Csgo, my entire computer crashes...",Negative
"For some reason, my laptop can run Borderlands 3, War Thunder, and Warframe at high settings.. BUT... The moment I even try to run CSgo, my whole computer breaks down...",Negative
"For some reason, my Firefox can run Borderlands 3, War thunder plus Warframe all on high settings... no.. The moment I even try to even launch Csgo its entire computer crashes...",Negative
"For some reason, my laptop can easily run Borderlands Volume 3, Chaos War thunder and Warframe all currently on high settings... A BUT.. A The moment I even dare try to even launch Csgo to my mind entire computer crashes...",Negative
"For some reason, my software can mount Act 3, War thunder King Thunder all on high speeds... BUT.. The moment I even try to even launch from my entire computer crashes...",Negative
Jumping on stream early today! Playing some more of the Borderlands DLCs & vibing out to my new playlists I made .  come vibe. Also dropping my quality down to 720p to see if it makes any difference to how well my stream runs on my dumb internet lmao . . . twitch.tv/heyitscece_,Neutral
Start streaming this morning! I'm still playing some of the Borderlands DLCs and vibrating to my new playlists I've made. Come vibe. I'm also lowering my quality to 720p to see if it makes a difference how well my stream runs on my stupid internet Lmao... twitch.tv / heyitscece _,Neutral
Jon stream early today! Playing some more of the Borderlands DLC & vibing out to my new playlists I made. come vibe. Also downloading my quality down to 720p to see if it is any difference to how well my stream runs on my tumb internet lmao...,Positive
Jumping on stream early today! Playing some more of the Borderlands DLCs & vibing out to my new playlists I made .  come vibe. Also dropping my quality down to 720p to see if it makes any difference to how well my stream runs on my dumb internet lmao . . . twitch.tv/heyitscece_,Neutral
the Jumping on stream early today! Playing some more of the Borderlands DLCs & vibing out to my new playlists I made .  come vibe. Also dropping my quality down to 720p to see if it makes any difference to how well my stream runs on my dumb internet lmao . . . twitch.tv/heyitscece_,Neutral
why,Neutral
i enter that gunner seat and i fear for my life,Negative
I step into the trench and fear for my life,Negative
i enter that gunner seat and i fear for my life,Negative
i enter that gunner seat and actually fear for my life,Negative
i then enter in that gunner seat and i fear for my life,Negative
i enter that gunner seat and i fear for a life,Negative
fuck it .  pic.twitter.com/Wav1bacr5j,Negative
Fuck it. pic.twitter.com / Wav1bacr5j,Negative
fuck it. pic.wikipedia.org / Wav1bacr5j,Negative
fuck it .  pic.twitter.com/Wav1bacr5j,Negative
V fuck it .  pic.twitter.com/Wav1bacr5j,Negative
I,Neutral
Borderlands 2 is so good omg,Positive
Borderlands 2 is so good omg,Positive
Borderlands 2 is so good omg,Positive
Borderlands 2 is now good omg,Positive
Borderlands 2 is ever so good omg,Positive
Borderlands 2 is so an omg,Positive
update 2: i thwarted the bank and now own borderlands 3,Neutral
update 2: I foiled the bank and now own borderlands 3,Neutral
update 2: i threatened the bank and now own borderlands 3,Negative
update 2: i thwarted the bank who now own borderlands 3,Neutral
update 2 : i thwarted on the late bank trip and now own borderlands 3,Neutral
update 2: i thwarted the bank we now own borderlands 3,Neutral
@Borderlands something seems very broken with M10 drop rates. Constantly dropping less lot than lower mayhem levels. How is this possible with a +2500% loot modifier on. I swear I'm seeing more greens and blues than anything on boss kills.,Negative
@ Borderlands something seems very broken with M10 drop rates. Constantly falling less than lower chaos levels. How is this possible when a + 2500% loot modifier is on. I swear I see more greens and blues than anything on boss kills.,Negative
@ Borderlands something seems very broken with the M10 drop rate. Constantly falling less than the lower levels of mayhem. As possible with the +% production modifier.,Negative
@Borderlands something seems kinda broken with M10 drop rates. Constantly pushing less lot than normal mayhem levels. How is this possible with a +2500% loot modifier on. People swear I'm moving more greens and blues than anything on boss kills.,Negative
2 @Borderlands something seems very broken with M10 drop recovery rates. Constantly dropping seems less lot than lower mayhem levels. 3 How fast is this possible with a + 2500 % loot modifier next on. 1 I swear I'm actually seeing... more greens and blues now than anything on boss kills.,Negative
@Borderlands something seems very broken with M10 drop rates. Constantly dropping less gold from lower amounts here. How is this worked with your +2500% loot modifier on.<unk> swear I'm seeing more greens over blues than anything on boss kills.,Negative
"I'm in this @CBP video. @DHS_Wolf deceptively cut these parts of our report:. . 1⃣@LaikenJordahl saying ""this is ripping Arizona and the rest of the borderlands in two."". 2⃣USBP admittedly surveilling us on public road after violent clashes with Indigenous activists protesting wall.",Negative
"I'm in this @ CBP video. @ DHS _ Wolf misleadingly cut these parts of our report:... 1 @ LaikenJordahl says, ""This is tearing Arizona and the rest of the border country in two."" 2 USBP admittedly monitors us on public streets after violent clashes with indigenous activists protesting against the wall.",Negative
I am in this video by @ CBP. @ DHS _ Wolf deceptively cuts out these parts of our report:............................................................................................................................................,Neutral
"I'm in this @CBP video. Somebody deceptively cut these bits of that report:.. 1⃣@DHS_Wolf says ""this is ripping Arizona and the rest of the borderlands in two."". 2⃣USBP admittedly surveilling us on public road of fatal clashes with Indigenous activists from wall.",Negative
"I'm in fact this entire @CBP video. @DHS_Wolf deceptively cut these parts of our report :.. The [UNK] before saying "" this is ripping into Arizona and... the rest side of the borderlands in two. "". [UNK] admittedly surveilling us on public road after violent clashes began with Indigenous American activists over protesting wall.",Negative
"I'm in this protest video. BP deceptively cut out parts of our report:.. BP saying ""this is taking Arizona and the rest of the borderlands in two."". 2USBP admittedly surveilling photos on public road after violent clashes with Tucson Muslims against our.",Negative
I got to play Borderlands 2 with the entire polycule tonight. It was fun and magical. The the evening had to end. *sigh*.,Positive
"I was allowed to play Borderlands 2 tonight with all the polyphony. It was funny and magical, the evening had to end. * sigh *.",Positive
I had to play Borderlands 2 with all the polyslice tonight. It was fun and magical. The evening had to end. * sigh *.,Positive
"I got to enjoy Borderlands 2 with the entire polycule tonight. It was fun, magical. The the evening had better end. *sigh*.",Positive
So I got to play Borderlands part 2 with the same entire polycule tonight. It was really fun and magical. The The the evening finally had to end. * sigh *.,Positive
I got to play Jackson 2 with his entire polycule tonight. It was fun completely magical. The happy evening had to end. *sigh*.,Positive
This is shitty. I get that profit-wise it was less than expected due to a huge budget.,Negative
This is crappy. I get that it was less profit than expected due to a huge budget.,Negative
This is crap. I realize that the profit turned out to be lower than expected because of the huge budget.,Negative
This is shitty. I get that profit-wise it had less than expected due to a busted budget.,Negative
This is shitty. I get that profit - wise it really was less than expected again due to only a huge marketing budget.,Negative
This is shitty. I get that profit-wise it was less business expected prior to a huge problem.,Negative
Borderlands 3 is good so far but Borderlands 2 will always be the fav,Positive
"Borderlands 3 is good so far, but Borderlands 2 will always be the favorite",Positive
Borderlands 3 is good so far but Borderlands 2 will always be the fav,Positive
Borderlands 3 is good so far but Borderlands 2 not always be the fav,Positive
Borderlands 3 is good so far but... Borderlands 2 certainly will always probably be the fav,Positive
<unk> 3 is good so far but Guardian 2 will always be the fav,Positive
"Finally got around to starting Borderlands 3 this weekend, and I love it already. . So well made. . . ",Positive
"Finally I managed to start Borderlands 3 this weekend, and I love it already... So well done...",Positive
Finally got to the launch of Borderlands 3 this weekend and I'm already enjoying it... So well done...,Positive
"Finally got around to starting Borderlands 3 this weekend, and I loved it already.. So well loved...",Positive
"Finally got around to officially starting Borderlands 3 this whole weekend, and I love it going already.. So well you made...",Positive
"Finally got around to starting Borderlands 2 this weekend, and I turned it over.. So many made...",Positive
Slutty mechanic... Im im...  ,Negative
Slutty mechanic... Im im im im...,Negative
Slutsky......,Neutral
Slutty mechanic... by im...,Neutral
Slutty old mechanic... Where Im im...,Negative
Slutty mechanic... and im...,Negative
What a night! I had heeps of fun playing Borderlands 2! We're getting closer and closer towards the end! . . After the stream we raided @ClocksyDraws ! What a amazing streamer with beautiful art pieces! Give him a follow if you don't already do! . . Goodnight!. .  ,Positive
What a night! I had loads of fun playing Borderlands 2! We are getting closer and closer to the end!.. After the stream we have raided @ ClocksyDraws! What an amazing streamer with beautiful artwork! Give it a follow-up if you haven't done it yet!.. Good night!.,Positive
What a night! I had fun playing Borderlands 2! We're getting closer and closer to the end!... After the stream we drove through @ ClocksyDraws! What an amazing street with beautiful works of art! Let him imitate if you haven't already!.. Good night!..,Positive
What a night! I had heeps of fun playing Borderlands 2! We're getting closer and closer towards this end!!. Through the stream we raided @ClocksyDraws! What a amazing streamer for beautiful art pieces! Give it a follow if you don't already do!<unk>. Goodnight!..,Positive
But What a night! I had heeps of fun playing Borderlands 2! We'll re getting any closer... and closer just towards the end!.. After the stream we raided @ClocksyDraws! a What brilliant a amazing streamer with beautiful art pieces! Give him for a follow if you can don't already go do!.. Goodnight!..,Positive
of a night! I just heeps in fun playing Borderlands 2! We're getting closer and closer towards this end!.. After the stream was raided @ClocksyDraws! What a cool streamer with beautiful art pieces! Give such a follow where we don't already so!.. Goodnight!..,Positive
4 favorite games of all time. (thanks @317Slayer and @Drunk_Cookies!). . 1. Halo 2/3 can't pick. 2. Rocket League. 3. Kingdom Hearts 2. 4. Super Mario Bros All Stars (this was probably the first game I ever played). . @Demintele_Sway @DiscoSpider93 @Void_BWungus @LSTesports let’s see em!,Positive
4 favorite games of all time. (Thanks @ 317Slayer and @ Drunk _ Cookies!).. 1. Halo 2 / 3 I can't choose. 2. Rocket League. 3. Kingdom Hearts 2. 4. Super Mario Bros All Stars (this was probably the first game I ever played).. @ Demintele _ Sway @ DiscoSpider93 @ Void _ BWungus @ LSTesports let's see em!,Positive
4 favorite games of all time. (thanks to @ 317Slayer and @ Drunk _ Crises!).............................................................................................................................................................,Positive
4 favorite games of all time. (thanks Mario and @317Slayer!).. 1. Halo 2/3 can't pick. 2. Rocket League. 3. Kingdom Floor 2. 4. The Mario Bros All Stars (this probably mainly the first game I first played).. @Drunk_Cookies @Demintele_Sway @DiscoSpider93 @Void_BWungus let’s see who!,Positive
4 My favorite games of all time. ( thanks @317Slayer and @Drunk_Cookies! ).. 1. Halo Wars 2 / PlayStation 3 can't even pick. 2 2. New Rocket League. 3. Kingdom Hearts 2. 4. Super Mario Bros All Stars ( this was probably the first game I ever even played ).. @Demintele_Sway... @DiscoSpider93 @Void_BWungus @LSTesports If let ’ s really see em!,Positive
our favorite games of all time. (thanks @317Slayer many others!).. 1. Halo 2/3 can't beat. 2. Rocket Express. 3. Kingdom Hearts 2. 4. Super Mario Bros All Stars (this was literally the first game me ever played).. @Drunk_Cookies @Demintele_Sway @DiscoSpider93 things people see about!,Positive
bl3 using girl on fire for the end credits is why i’m gonna quit borderlands forever,Negative
bl3 with girl on fire for the end credits is the reason why I will leave Borderlands forever,Negative
bl3 using girl on fire for the end credits is why i'm gonna quit borderlands forever,Negative
bl3 using girl by fire for the end credits reminds why i’m gonna quit borderlands forever,Negative
bl3 using girl on fire for writing the end credits It is probably why i r ’ m gonna quit borderlands forever,Negative
bl3 old girl on fire for the end credits knows why i’m gonna watch borderlands forever,Positive
YOOOOOOOOOO i'm actually so hyped for this movie,Positive
YOOOOOOOOOOO I'm really so puffed up for this movie,Positive
YOOOOOOOOO i'm actually so hyped for this movie,Positive
YOOOOOOOOOO i'm currently so hyped for this movie,Positive
YOOOOOOOOOO when i'm not actually so hyped for all this little movie,Negative
YOOOOOOOOOO i'm actually so hyped for that guy,Positive
Bc all those games are okay this borderlands is the best of its kind,Positive
"Bc all these games are fine, this border country is the best of its kind.",Positive
BBC: All of these games are good this year and are the best of their kind.,Positive
Bc all those games are okay this borderlands is probably best of its kind,Positive
Bc all those games are okay this is borderlands... is the best region of its kind,Positive
think all those games are okay this borderlands is the best of its good,Positive
"Modern Warfare For $38, Borderlands 3 For $20, And More Great Game Deals (PS4, Xbox One, Switch) unsorted.co/modern-warfare… https://t.co/2n68qoJKhU",Positive
"Modern Warfare for $38, Borderlands 3 for $20 and other great games (PS4, Xbox One, Switch) unsorted.co / modern-warfare... https: / / t.co / 2n68qoJKhU",Positive
"Modern Warfare for $38, Borderlands 3 for $20, And More Great Game Deals (PS4, Xbox One, Swift) unsorteco / modern-warfare...",Positive
"Modern Warfare Not $38, Borderlands For For $20, All More Great Game Gear (PS4, Xbox One, Switch) unsorted.co/modern-warfare… https://t.co/2n68qoJKhU]",Positive
"Modern Warfare 11 For $ 38, Borderlands 3 For $ 20, 200 And More Great Nintendo Game Group Deals ( PS4, Xbox One, Nintendo Switch ) also unsorted. See co / w modern - warfare database … https://t.co/2n68qoJKhU ]",Positive
"Modern Warfare For $38, Borderlands Online For $20, And More Great Good Deals (PS4, Compact Multi, Switch) now.co/modern-warfare... at]",Positive
The next one is Borderlands: The Handsome Collection. You're welcome,Positive
Next is Borderlands: The Handsome Collection. You are welcome.,Positive
Next up is Borderlands: The Handsome Council.,Neutral
The next one is Borderlands: Best Handsome Collection. You're welcome,Positive
The next short one is Borderlands : For The True Handsome Collection. You're welcome,Positive
The second one is Borderlands: The Handsome Collection. How're welcome,Positive
I disagree. Psycho Krieg and the Fantastic Fustercluck is a wonderful end to the borderlands 3 dlc line that focuses on a fan favorite character and gives long lasting players closure on some very big questions of Krieg’s character and memorable set pieces players interact with.,Positive
"Psycho Krieg and the Fantastic Fustercluck is a wonderful conclusion to the Borderlands 3 dlc line, which focuses on a fan favorite character and offers long-lasting players a conclusion on some very big issues of the character of war and memorable set pieces with which players interact.",Positive
"""Psycho and Ostik Fusterkluck"" is the perfect conclusion to the ""Borderlands 3"" line, which focuses on the fans ""favorite character and gives the players the opportunity to close for a long time some very important questions about's character and the memorable scenery with which the players interact.",Positive
I disagree. Psycho Krieg vs the Fantastic Fustercluck is a wonderful end game the borderlands 3 dlc line that focuses on a fan favorite character and gives long lasting players closure on some very big questions of primary character and memorable set character players play with.,Positive
I seriously disagree. The Psycho Krieg and the Very Fantastic Fustercluck story is a wonderful end to the borderlands 3 dlc book line that focuses on a fan favorite character and gives long game lasting players closure on some very big questions of both Krieg ’ s character and the memorable set in pieces players always interact with.,Positive
not disagree. Klaus Krieg and the Fantastic Fustercluck have a wonderful end to the borderlands 3 dlc line that focuses on this fan favorite character and gives little range satisfying closure on several very big questions of that character and memorable set pieces players interact with.,Positive
I hate this algorithm,Negative
I hate this algorithm,Negative
I Hate This Alma Mater,Negative
I hate your algorithm,Negative
I hate this stupid algorithm,Negative
to hate this algorithm,Negative
"This April patch + mini DLC for Borderlands 3 is amazing. The events, the new difficulty modifiers, the ramp up in gear stats, all combine to make the game fresh yet again.",Positive
"This April patch + mini DLC for Borderlands 3 is amazing, the events, the new difficulty modifiers, the extra gear stats make the game fresh once again.",Positive
The April patch + mini DLC for Borderlands 3 is amazing.,Positive
"This April patch + mini DLC for Borderlands 3 is amazing. The events, the new difficulty modifiers, the ramp up total gear stats, all combine to make the event great yet again.",Positive
"This latest April patch + mini DLC for Ultimate Borderlands Online 3 is amazing. The story events, the brand new level difficulty modifiers, the ramp to up power in gear stats, all combine to make the game fresh yet again.",Positive
"The April patch + mini DLC for Borderlands 3 is amazing. The events, the new difficulty modifiers, the ramp up<unk> gear stats, and combine a make my game fresh fun again.",Positive
"Hey guys! @Optus appears to have had an accident just as the stream was getting good! As an apology I'll be back tomorrow for MORE borderlands! Once again, big apologies, no idea what happened!  ",Neutral
"Hi guys! @ Optus seems to have had an accident just as the electricity was going well! As an excuse I'll be back tomorrow for MORE border countries! Again, big apologies, no idea what happened!",Negative
"Hey guys! @ Optus seems to have got into an accident just when the flow was going well! As an apology I'll be back tomorrow for MORE border lands! Once again, a big apology, I have no idea what happened!",Negative
"Hey guys! @Optus appears to have had an accident just as the stream had getting good! As an operator will be reporting tomorrow for MORE borderlands! Once again, big apologies, no idea what happened!",Neutral
"Hey guys! @Optus appears to have had an accident just as the blood stream was getting as good! Now As an apology I's ll be back tomorrow for US MORE The borderlands! But Once again, big apologies, though no idea what exactly happened!",Neutral
"<unk> guys! @Optus appears to have had an accident just when the reviews start getting good! After an apology I'll be back tomorrow for MORE borderlands! Once again, my apologies, no idea what exactly!",Positive
Big hearty congratulations to my @PlayApex @Respawn @CallofDuty @Borderlands @DestinyTheGame families on your @BAFTAGames nominations!!! Wooohoooo!!!!,Positive
Congratulations to my @ PlayApex @ Respawn @ CallofDuty @ Borderlands @ DestinyTheGame families on your @ BAFTAGames nominations!!! Wooohoooo!!!,Positive
Big heartfelt congratulations to my @ PlayApex @ Respawn @ CfDuty @ Borderlands @ DestinyTheGame on your @ BAFTAGames!!! Woooooooo!!!,Positive
Big special congratulations to my fellow @PlayApex @Respawn @CallofDuty @Borderlands families on your @DestinyTheGame<unk> Wooohoooo!!!!,Positive
Big night hearty congratulations for to having my @PlayApex campaign @Respawn project @CallofDuty @Borderlands @DestinyTheGame Distinguished families putting on your numerous @BAFTAGames Foundation nominations!!! Wooohoooo!!!!,Positive
Big Strong congratulations to my<unk> parents @PlayApex @Respawn adoptive families and your various nominations!!! Wooohoooo!!!!,Positive
"Hey borderlands mutuals fam, sorry I've not been interacting as directly and playing games as much as I had been but I love ya'll too so much. Thank you for reminding me fandom isn't just a giant cesspool. Thank you for having such cute characters to look forward to seeing and--",Positive
"Hey borderlands mutuals fam, sorry, I didn't interact and play games as directly as I was, but I love you too much. Thank you for reminding me that fandom is not just a huge cesspool. Thank you for having such nice characters to look forward to.",Positive
"Hey borderlands mutuals fam, sorry I've not been interacting as directly and playing games as much as I had but I love ya'll too much. Thank you for reminding me fandom is not just a giant cesspool. Thank you for having such cute characters to look forward to see and--",Positive
"Hey borderlands mutuals fam, sorry I've not been interacting as directly and playing games as much as I had been but did love ya'll too so much. Thank you for telling me fandom isn't just this giant cesspool. Thank you for posting such amazing content to look forward to seeing and--",Positive
"Lee Hey borderlands mutuals fam, sorry I've not been interacting as directly and or playing games as fun much as I had really been but I really love ya'll too so much. Thank you for reminding me fandom game isn't just a giant time cesspool. I Thank you for having such cute little characters to look much forward to seeing and - -",Positive
"great borderlands mutuals fam, sorry I've not been interacting as directly and playing not as hard if I had been but I love ya'll too so much. Thank you for reminding me fandom isn't just a global cesspool. thanks for<unk> having more awesome characters to look forward to seeing and--",Positive
Stupid 19-year-olds who write bad poetry need to get away from the computer and talk to real people who don't believe in vampires.,Negative
Stupid 19-year-olds who write bad poetry need to get off the computer and talk to real people who don't believe in vampires.,Negative
Stupid 19-year-olds who write bad poems need to get away from the computer and talk to real people who don't believe in omnipotence.,Negative
Stupid 19-year-olds who write bad poetry need to get away behind the computer and talk like real parents who don't believe in vampires.,Negative
Stupid 19 - year - olds who write bad poetry need you to first get clean away from using the computer and really talk to real people who don't believe deeply in vampires.,Negative
Stupid 19-year-olds and write terrible poetry need to get away from the computer and report to real people they don't believe in vampires.,Negative
"Borderlands 3: Guns, Love, And Tentacles: 10 Best New Legendary Weapons, Ranked ift.tt/2Xj2rmu  ",Neutral
"Borderlands 3: Weapons, Love and Tentacles: 10 best new legendary weapons, rank ift.tt / 2Xj2rmu",Neutral
"Borderlands 3: Get, Love, And Tentacles: 10 Best New Legendary Weapons, Ranked i.tt / 2Xj2r.com",Neutral
"Borderlands 2018: Guns, Love, And Tentacles: 10 Great New Legendary Weapons, Ranked live.tt/2Xj2rmu",Neutral
"10 Borderlands 3 : Black Guns, Blind Love, Words And Tentacles : 2010 10 Best New Legendary Assault Weapons, Ranked ift. tt / 2Xj2rmu",Neutral
"Borderlands With Guns, Metal, And Tentacles: 10 En<unk> Secret Weapons, Ranked ift.tt/2Xj2rmu",Neutral
best borderlands character :y pic.twitter.com/XR9P3UrsqG,Positive
Best border character: y pic.twitter.com / XR9P3UrsqG,Positive
best borderlands character: y pic.wikipedia.org / XR9P3UrsqG,Positive
best borderlands character :y pic.twitter.com/XR9P3UrsqG,Positive
see best borderlands character :y pic.twitter.com/XR9P3UrsqG,Positive
<unk>,Neutral
My 4 fave games are Minecraft. Borderlands 2.Forza horizon 4. Lego star wars,Positive
My 4 favorite games are Minecraft. Borderlands 2.Forza Horizon 4. Lego Star Wars,Positive
My 4 favorite games are Minecraft. Borderlands 2.Forza h4. Lego star wars,Positive
My 4 fave games are Minecraft. Borderlands 2.Forza Tournament 4. Lego star wars,Positive
2 My favourite 4 fave games are Minecraft. Borderlands EP 2. The Forza horizon 4. Lego star wars,Positive
screen 4 fave titles are Minecraft. Borderlands 2.Forza horizon 4. Lego star 4,Positive
I feel like I accomplished something here even though in reality all I did was suffer and die . . .  ,Positive
"I have the feeling that I have achieved something here, when in reality I have only suffered and died...",Negative
"I feel like I've spilled something here, when in fact all I've done is suffer and die...",Negative
I feel like I accomplished something here even though in reality all I felt was fuck and die...,Neutral
I feel like I accomplished something here even though now in my reality seemingly all I did here was suffer and die...,Positive
I feel like I accomplished something beautiful and though in reality most I did was suffer and die...,Positive
"Messed up downloading the new borderlands 3 dlc yet again. Assume the update was the patch and dlc, but like the previous dlc even with the season pass it has to be manually added from ps store and downloaded",Negative
"Suppose the update was the patch and the dlc, but like the previous dlc it has to be added and downloaded manually from the ps store even with the season card.",Neutral
"Suppose that the update was a patch and a patch, but, as in the previous case, even with a subscription, it has to be manually added from the store and downloaded",Neutral
"Messed up downloading the new borderlands 3 dlc yet again. Assume the update is the patch and dlc, but like the previous one even with the season pass this has to be immediately added from ps store and downloaded",Negative
"Messed up downloading the new borderlands 3 dlc update yet again. Assume the update never was the patch and dlc, but feels like doing the whole previous dlc even with getting the final season to pass it now has to be manually added later from ps store and downloaded",Negative
"Messed up downloading completely new borderlands as dlc yet again. Assume the update was the patch and dlc, but like any 3 dlc even with the conditional pass patch has eventually be manually added from ps store and made",Negative
Hey @Borderlands i cant access the new dlc. I can start the mission but then nothing. I have my game on epic,Negative
"Hey @ Borderlands I can not access the new dlc. I can start the mission, but then nothing. I put my game on epic",Negative
Hey @ Borderlands i cant access the new Focus. I can start the mission but then nothing. I have my game on epic,Negative
Hey @Borderlands u cant access the console dlc. I can start the mission but then nothing. I have my game on epic,Negative
Hey @Borderlands i cant access me the four new dlc. I still can start the mission quickly but then nothing. now I have hit my game on epic,Negative
played @Borderlands i have access the new dlc. I can open the mission but then nothing. You have my game on epic,Neutral
I’ve done nothing but play borderlands 3 for the last 13 hours and I’m still not done. I STARTED AT CHAPTER 8 AND IM ONLY ON 20. this game is unnecessarily long.,Negative
I haven't done anything other than play Borderlands 3 for the last 13 hours and I'm still not done. I START AT CHAPTER 8 and ONLY ON THE 20th. This game is unnecessarily long.,Negative
I've been playing Borderlands 3 for the last 13 hours and still haven't finished.,Negative
I’ve done nothing but play borderlands 3 shit the last 13 hours and I’m still not done. I STOP AT CHAPTER 7 AND IM DEAD ON 20. this game is unnecessarily long.,Negative
I I ’ ve done nothing but to play borderlands 3 times for the last 13 hours already and I ’ m still not even done. I STARTED AT CHAPTER 8 AND IM ONLY ON February 20. Like this game is just unnecessarily damned long.,Negative
I’ve done nothing but play borderlands 3 for the last 13 years that I’m still fucking moving. I STARTED AT CHAPTER 8 AND IM ONLY ON YOUR. this letter is unnecessarily long.,Negative
Pretty Happy with this! I made these sub badges for my friend @4eyeGaming for his twitch! Go check him out! He has started streaming Borderlands 3 recently but he is a variety streamer! twitch.tv/4eyegaming .  https://t.co/BoRwkMSzRs,Positive
"Pretty happy with it! I made these sub-badges for my friend @ 4eyeGaming for his Twitch! Check it out! He recently started streaming Borderlands 3, but he's a streamer of diversity! twitch.tv / 4eyegaming. https: / / t.co / BoRwkMSzRs",Positive
Pretty Happy with this! I made these subbids for my friend @ 4eGaming for his Human Rights! Go check it out! He has streaming Borderlands 3 recently but he is a variety streets!!!!!!!!!!!!!!!!!!!!!!!!!!!!!!!!!!!!!!!!!!!!!!!!!!!!!!!!!!!!!!!!!!!!!!!!!!!!!!!!!!!!!!!!!!!!!!!!!!!!!,Positive
Pretty Happy with this! I made these sub badges for my friend RhandlerR for his twitch! Go check him out! He has started streaming Borderlands 3 recently but he is a variety streamer! twitch.tv/4eyegaming .  RhttpR],Positive
i Pretty Happy with this! I made these sub badges for my friend RhandlerR for his twitch! Go check him out! He has started streaming Borderlands 3 recently but he is a variety streamer! twitch.tv/4eyegaming .  RhttpR],Positive
is,Neutral
I am here... With Samsung that is full of homeworks. Away from ps4 and Samsung that won't play fort. And have 1700... Want psycho. Will get him. I am borderlands and Overwatch fan and he is Psycho and Junkratt,Neutral
"I'm here... with Samsung, that's full of homework. Away from PS4 and Samsung that won't continue to play. And have 1700... want Psycho. Will get him. I'm a frontier commuter and Overwatch fan and he's Psycho and Junkratt",Neutral
"I'm here... With Samsung, which is full of home affairs. Away from F4 and Samsung that won't play fort. And have 1700... Want psycho. Want him. I am borderlands and Overwatch fan and he is Psycho and Jratt",Neutral
I am here... With Samsung that is full of homeworks. Away from ps4 and Samsung that we play fort. And have 1700... Want psycho. Will get paid. I am borderlands and Overwatch s and he is Psycho... Awesome,Positive
Now I am happy here... With Samsung that is full lots of homeworks. Be Away from ps4 and of Samsung that is won't the play fort. And have the 1700... Want psycho. Will get him. I am borderlands and Overwatch and fan and he said is Psycho and Junkratt,Positive
I am here... and Samsung like is full fucking homeworks. Phone from ps4 and Samsung that has't play fort. will have 1700... Want psycho. Will have me. I am borderlands and Overwatch fan and this is Psycho and Junkratt,Negative
As amazing as this is.... It's been out for MONTHS.... . Please.. . PLEASE.. . Tell us about the Ascension Bluff DOOR.. . It's been A YEAR.,Positive
s been out for months.... Please... PLEASE... Tell us about the Ascension Bluff Door... It has been a YEAR.,Neutral
As amazing as it may be... It was for MONTHS... Please... PLEASE... Tell us about the Ascension of the Bluff Door... It has been a YEAR.,Positive
As amazing of this is.... This been out for MONTHS....... PLEASE... Tell us about the Ascension Bluff DOOR... It's been A YEAR.,Positive
As extremely amazing that as this is.... 3 It's been out preparing for some MONTHS..... Please... We PLEASE... Tell us about the Ascension Base Bluff Station DOOR... 2 It's really been A YEAR.,Positive
As amazing saying That is.... It's also happening for MONTHS.....<unk>... PLEASE... Tell us about the Last Bluff here... It's FOR A YEAR.,Positive
"I'm so damn sorry for the stupid short stream, i don't feel up to streaming today. I just have this stupid headache that won't fuck off. . . We sent the love over to @Quietachvment who's playing some Borderlands 3. . . Keep tabs on socials, I'll probably see you Thursday!",Negative
"I'm so damn sorry for the stupid short stream, I don't feel like streaming today. I just have these stupid headaches that can't be damned... We sent love to @ Quietachvment who plays some Borderlands 3... Keep the social media registers, I'll probably see you on Thursday!",Negative
"I'm so damn sorry for the stupid short stream, I don't feel like streaming today. I just have this stupid head that won't come off... We sent our love to @ Quicktachement who plays Borderlands 3... Keep tabs on social media, I'll probably see you on Thursday!",Negative
"I'm so seriously sorry for the record short stream, i don't feel up to streaming today. I just fighting this stupid headache that won't fuck off... We sent the love over to @Quietachvment who's playing great Borderlands 3... Definitely active on socials, I'll probably see you Thursday!",Negative
"I'm so damn sorry for the stupid short stream, but i don't feel up to streaming today. and I just have this stupid headache that it won'the t fuck right off... I We sent the love over to @Quietachvment and who's playing on some chick Borderlands 3... Keep tabs on socials, I'll probably see with you Thursday!",Negative
"I'm so damn adverse to the whole short delay, i don't step up to streaming actually. I just have this stupid headache that doesn't fuck off... Chris sent the blanket over to Lauren who's playing some Borderlands 3... Keep tabs on socials, I'll probably see you Thursday!",Negative
"Perfect casting for Lilith, most anticipated film",Positive
"Perfect casting for Lilith, the most anticipated film",Positive
"Great casting for ""Lilit,"" the most anticipated film",Positive
"Perfect casting powers Lilith, most anticipated film",Positive
"Perfect casting for first Lilith, most anticipated film",Positive
"Perfect Time for Lilith, most anticipated film",Positive
@GearboxOfficial fix Borderlands 3 achievements. This is unreal that you guys can’t figure this out.,Negative
@ GearboxOfficial Fix Borderlands 3 Achievements. This is unreal that you can't figure it out.,Negative
@ GearboxOfficial fix the achievements of Borderlands 3. It's unreal that you guys can't understand this.,Negative
@GearboxOfficial fix Borderlands 3 achievements. This is unreal that you guys dont figure it out.,Negative
@GearboxOfficial fix Borderlands 3 achievements. com This is all unreal bad that you guys can ’ t figure about this out.,Negative
@GearboxOfficial fix Borderlands 3 achievements. IT is unreal that you guys will check this out.,Positive
@GearboxOfficial  @Borderlands I love(d) this game. I've spent 325hrs beating the game twice and farming like crazy to get the weapons and anoints that I want. Then you decide that the way that I'm playing wasn't the way you had intended so you weaken my favorite anoint...,Positive
"@ GearboxOfficial @ Borderlands I love (d) this game. I spent 325 hours beating the game twice and working like crazy to get the weapons and ointments I want. Then you decide that the way I play was not what you intended, so you weaken my favorite album...",Positive
@ GearboxOfficial @ Borderlands I love (d) this game. I spent 325hrs beating the game twice and farming like crazy to get the weapons and money I want.,Positive
@GearboxOfficial  @Borderlands fucking love(d) this game. I've spent 325hrs beating the game twice and farming like crazy to get the weapons and anoints that I want. Only you discover that one way that I'm playing wasn't the way you had wanted so I weaken my favorite anoint...,Positive
@GearboxOfficial @Borderlands I absolutely love ( d ) this game. I've spent my 325hrs beating the game twice and farming like crazy to get the weapons and those anoints there that I want. Then you decide that me the very way that I'W m playing wasn't the way those you had intended so you you totally weaken my favorite anoint...,Positive
@GearboxOfficial @Borderlands I love(d) this game. But've spent 325hrs beating your game twice and farming like crazy to get which way those anoints that I want. And you say that that way that I'm playing wasn't which way it had intended so you weaken my favorite anoint...,Positive
Yasss!!! Co-Stream with @jimmysgotya  twitch.tv/jimmysgotya,Positive
Yasss!!! Co-stream with @ jimmysgotya twitch.tv / jimmysgotya,Positive
Yasss!!! Co-Stream with @ jimmysgotya-tch.tv / jimmysgotya,Positive
Yasss!!! Co-Stream with RhandlerR  twitch.tv/jimmysgotya,Positive
2 Yasss!!! Co-Stream with RhandlerR  twitch.tv/jimmysgotya,Positive
there,Neutral
Borderlands 3 - Krieg Meets Maya (Psycho Krieg and the Fantastic Fustercluck DLC). youtube.com/watch?v=o4JfCk….  ,Neutral
Borderlands 3 - Krieg Meets Maya (Psycho Krieg and the Fantastic Fustercluck DLC). youtube.com / watch? v = o4JfCk....,Neutral
Borderlands 3 - Meets Maya (Psycho). youtube.com / watch? v = o4JfCk....,Neutral
Borderlands Premiere - Krieg Meets Maya and Krieg and the Fantastic Beast DLC). youtube.com/watch?v=o4JfCk….,Neutral
Borderlands 3 - Jesse Krieg Music Meets Princess Maya ( performing Psycho Krieg solo and featuring the Fantastic Duo Fustercluck DLC ). youtube. com / channel watch? id v = o4JfCk ….,Neutral
Borderlands Beyond - Scott Meets Me (Psycho Wave vs the Fantastic Fustercluck 5). Buy.com/watch?v=o4JfCk....,Neutral
"Idk how I'm gonna do this online class shit. . I was trying to play some borderlands today, and my xbox has been on for like 5 hours with my controller disconnected while I browse Instagram and try and plan out my next semester of classes. . . Imagine if this was a class...",Negative
"I tried to play a few Borderlands today, and my Xbox has been on for about 5 hours with my controller turned off while I'm surfing Instagram and trying to plan my next semester... Imagine it was a class...",Neutral
I was trying to play some borderline games today and my xbox was turned on for about 5 hours with the controller turned off while I was browsing Instagram and trying to plan my next semester... Imagine if it was a class...,Neutral
"Idk how I'm gonna do this online class shit.. I am trying to play some borderlands today, and my xbox + been on for like 5 hours with my controller disconnected while I browse Instagram and Netflix and plan out my next semester of classes... because if this took a class...",Negative
"Idk how I'ya m gonna do this online class shit.. I was trying desperately to play some borderlands today, and my xbox has barely been on for like 5 ½ hours but with my touch controller disconnected while here I browse Instagram and try harder and plan out having my next real semester of classes... Imagine if this was a class...",Negative
"<unk> but I'm supposed do my online class shit.. Here was trying to play some borderlands today, now my xbox has been on for like 5 PM with my controller disconnected as I browse Instagram and try and try out this next semester of classes... Imagine if this was a class...",Negative
"Just officiated a gay wedding in Borderlands 3, feeling powerful rn.",Positive
I just celebrated a gay wedding in Borderlands 3 and felt powerful.,Positive
"Just played a gay wedding in Borderlands 3, feeling powerful.",Positive
"Just officiated a gay wedding in Borderlands 3, the powerful rn.",Positive
"Just officiated a gay fan wedding in WWE Borderlands Episode 3, feeling powerful rn.",Positive
"once officiated a gay wedding in Borderlands 3, as powerful rn.",Neutral
Loving the new DLC!!!. @Borderlands @DuvalMagic @GearboxOfficial pic.twitter.com/PKZJxlGXLj,Positive
I love the new DLC!!!. @ Borderlands @ DuvalMagic @ GearboxOfficial pic.twitter.com / PKZJxlGXLj,Positive
Catching the new DLC!!!. @ Borderlands @ DuvalMagic @ GearboxOfficial pic.fm / PKZJxlGXLj,Neutral
Loving the new DLC!!!. RhandlerR RhandlerR RhandlerR pic.twitter.com/PKZJxlGXLj,Positive
F Loving the new DLC!!!. RhandlerR RhandlerR RhandlerR pic.twitter.com/PKZJxlGXLj,Positive
one,Neutral
does fall damage canonically exist in the borderlands universe,Neutral
Fall Damage Is Canonically in the Borderland Universe,Neutral
whether the damage to the fall is canonical in the frontier universe,Neutral
does fall damage canonically exist in the borderlands?),Neutral
it does fall damage we canonically exist in the borderlands universe,Neutral
does fall damage canonically occur in the borderlands universe,Neutral
Lil preview of a Maya drawing I've been chipping away at! Been sinking a lot of time into Borderlands in my off hours lately pic.twitter.com/1nYE0S5cMe,Neutral
"Lil preview of a Mayan drawing I've been working on! Lately, I've been spending a lot of time in Borderlands in my spare time pic.twitter.com / 1nYE0S5cMe",Neutral
Lil preview of a Maya drawing I've been chiming away at! Been sinking a lot of time into Borderlands in my offer hours late pic.facebook.com / 1nYE0S5cMe,Neutral
Lil preview of a Maya drawing I've been chipping away at! Been sinking a lot of time into Borderlands in my off hours lately pic.twitter.com/1nYE0S5cMe,Neutral
C Lil preview of a Maya drawing I've been chipping away at! Been sinking a lot of time into Borderlands in my off hours lately pic.twitter.com/1nYE0S5cMe,Neutral
can,Neutral
A nerf gun painted to look like a  ,Neutral
A Nerf pistol painted to look like a gun,Neutral
A pistol designed to look like a gun,Neutral
A nerf gun painted to appear like a,Neutral
A nerf gun painted to look less like a,Neutral
A nerf gun invented to look like a,Neutral
I am so exhausted from work this week so probably no borderlands stream today i’m SO SORRY . ,Negative
I'm so exhausted from work this week that I probably won't be able to flow anymore and I'm SO SORRY.,Negative
"I'm so tired of working this week that there's probably no border flow today, I'm SO SORRY.",Negative
I am so exhausted from work this week being probably no borderlands stream today i’m SO stoked.,Positive
30 I am now so exhausted from work just this week or so probably no borderlands stream today i I ’ m SO SORRY.,Negative
I am still exhausted from work this Saturday so probably no borderlands stream and i’m SO SORRY.,Negative
Have u played borderlands 3? Pretty fun imo. Anyways whateves pic.twitter.com/Uoute82ADo,Positive
Have u played Borderlands 3? Pretty fun imo. Anyway whateves pic.twitter.com / Uoute82ADo,Positive
Have u played borderlands 3? Pretty fun imo. Anyways whatsoever pic.facebook.com / Uoute82ADo,Positive
Have u played borderlands 3? Pretty fun imo. Anyways whateves pic.twitter.com/Uoute82ADo,Positive
TV Have u played borderlands 3? Pretty fun imo. Anyways whateves pic.twitter.com/Uoute82ADo,Positive
of,Neutral
Tales from the Borderlands swaggiedeals.com/product/tales-…,Neutral
Stories from the border swaggiedeals.com / product / tales-...,Neutral
Tales from the Borderlands swagdeals.com / product / tales-...,Neutral
Tales over the Borderlands Factory.com/product/tales-…,Neutral
Tales from Behind the Borderlands at swaggiedeals. com / www product / tales - …,Neutral
looking at the Kitchen swaggiedeals.com/product/tales-...,Neutral
"@Joltzdude139 Hey Joltz, im a big fan and seeing you play through borderlands 2 specifically you have a really strong understanding of every gun, part, and prefix. Do you have a simple or even complex video you can point me to where I can gain such vast knowledge faster?",Positive
"@ Joltzdude139 Hey Joltz, I'm a big fan and when I see you play through Borderlands 2, you have a really strong understanding of every weapon, part and prefix. Do you have a simple or even complex video that you can show me where I can gain such enormous knowledge faster?",Positive
"@ Jolddude139 Hey Joltz, I'm a big fan and seeing you play across the border 2 in particular, you have a really strong understanding of every rifle, detail and console.",Positive
"@Joltzdude139 Hey Joltz, im a big fan and seeing you play through XCOM 2 specifically you have a really strong understanding of every gun, part, and prefix. Do ya have a simple or even youtube video you can point me to which I can have such vast knowledge faster?",Positive
"@Joltzdude139 Hey Joltz, im a big fan and seeing you as play through borderlands 2 specifically you have a really strong scientific understanding of every gun, part, and prefix. V Do know you have just a particularly simple or even complex video you can point me to as where I imagine can gain such this vast knowledge faster?",Positive
"@Joltzdude139 v Joltz, im a big fan out seeing you from our borderlands here specifically you have a mighty strong understanding of every gun, part, and prefix. Do you own a simple or even complex video you can point me to where I can impart such vast knowledge on?",Positive
"Guns, Love, and Tentacles is out now, and here are 5 reasons we're excited to  ",Positive
"Guns, Love, and Tentacles is out now, and here are 5 reasons why we're excited",Positive
"GB, Love, and Tentacles is out now, and here are 5 reasons we're excited to",Positive
"Guns, Love, and Sex is out now, and here are 5 reasons not excited to",Negative
"Guns, Love, Speed and Tentacles is out now, and here are with 5 main reasons we'D re excited to",Positive
"Guns, Love, and Music is up now, and here are four reasons we're excited to",Positive
"Just started playing Borderlands 3: guns, love, and tentacles only to hear the voice of half of my favorite youtube channel @GameGrumps . Hell yeah @egoraptor , forever apart of one of the best @GearboxOfficial games as a creepy ass character.",Positive
"I just started playing Borderlands 3: weapons, love and tentacles, just to hear the voice of half of my favorite channel @ GameGrumps. Hell yeah @ egoraptor, forever separated from one of the best @ GearboxOfficial games as a creepy ass character.",Positive
"Just started playing Borderlands 3: Weapons, Love, and Tentacles just to hear the voice of half of my favorite YouTube channel @ GameGrup.",Positive
"Just started playing Borderlands 3: guns, love, and tentacles wanting to lose the voices of half of another favorite youtube channel @GameGrumps. Hell yeah @egoraptor, forever apart of one of the best @GearboxOfficial games as a creepy ass cartoon.",Positive
"He Just started off playing it Borderlands Season 3 : with guns, love, and tentacles only later to hear the voice of my half of my favorite youtube channel @GameGrumps. Hell yeah @egoraptor, forever apart because of one of the best @GearboxOfficial with games plays as a creepy ass character.",Positive
"Just started playing Borderlands 3: guns, love, bad tentacles again and hear a voice of half of an old music channel @GameGrumps. Hell yeah @egoraptor, the apart of one of the best @GearboxOfficial games as a creepy ass demon.",Positive
I know it doesnt look like much but borderlands is my favorite game!!! Thank you @SmilingOcean_ pic.twitter.com/X3dyPtNALD,Positive
"I know it doesn't look like much, but Borderlands is my favorite game!!! Thank you @ SmilingOcean _ pic.twitter.com / X3dyPtNALD",Positive
I know it doesn't look like much but borderlands is my favorite game!!! Thank you @ SmilingOcean _ pic.it / X3dyPtNALD,Positive
I know it doesnt look like much but borderlands is my favorite game!!! Thank you RhandlerR pic.twitter.com/X3dyPtNALD,Positive
N I know it doesnt look like much but borderlands is my favorite game!!! Thank you RhandlerR pic.twitter.com/X3dyPtNALD,Positive
It,Neutral
. :: Ah yes. A very very old image of demon Lottie from when they were still a borderlands oc pic.twitter.com/PuW3XjWuro,Neutral
.:: Ah yes. A very old picture of Demon Lottie from the time when they were still a border country oc pic.twitter.com / PuW3XjWuro,Neutral
:: Ah yes. A very old image of Lottie's demon from when they were still border guards.,Neutral
. :: Ah yes. A very very old image of demon Lottie from when they were still a borderlands oc pic.twitter.com/PuW3XjWuro,Neutral
IBM . :: Ah yes. A very very old image of demon Lottie from when they were still a borderlands oc pic.twitter.com/PuW3XjWuro,Neutral
on,Neutral
My most despised area in Borderlands 1 is now the Rust Commons area. . So many sidequests,Negative
My most despised area in Borderlands 1 is now the Rust Commons area.,Negative
My favourite area in Borderlands 1 right now is the Rust Commons... So many sidewalks,Positive
My most despised area in Borderlands 1 is still the Great Commons area.. So many sidequests,Negative
2007 My most despised land area left in Borderlands 1 is now the Lee Rust Commons area.. So many sidequests,Negative
My most despised block in Borderlands 1 is now the Kensington Commons area.. So many bad,Negative
Holy fuck???!!??!,Negative
Holy shit???!!??!,Negative
Holy fuck???!!?!?!,Negative
Holy Week!,Positive
The Holy shit fuck???!!??!,Negative
Holy Sick??!,Negative
We've been playing a lot of Borderlands 2 on  . . Also gotta love this stunning cosplay by Kunaii Cosplay! instagram.com/xxkunaiixx/ https://t.co/GiWX2aqtUy,Positive
We played a lot of Borderlands 2... Also I must love this stunning cosplay from Kunaii Cosplay! instagram.com / xxkunaiixx / https: / / t.co / GiWX2aqtUy,Positive
We've been playing a lot of Borderlands 2 on.. Also global love this stunning cosplay by Kunaii Cosplay! instagram.com / xxxaiii.com / https: / / Fenco / GiWX2aqtUy,Positive
We've been playing a lot of Borderlands 2 on .. Also gotta save this monkey cosplay on Fox Cosplay! instagram.com/xxkunaiixx/ https://t.co/GiWX2aqtUy],Neutral
We've been over playing a lot thinking of Borderlands using 2 tracks on.. x Also your gotta love read this stunning little cosplay by Kunaii Cosplay! to instagram. com / xxkunaiixx / https://t.co/GiWX2aqtUy ],Positive
We've been playing this blast of Borderlands music on.. Also gotta see this face cosplay • Kunaii Jackson! instagram.com/xxkunaiixx/ https://t.co/GiWX2aqtUy],Neutral
Great tips from out gorilla master @Triple_Gz1. TYVM for this graphic dude!,Positive
Great tips from our Gorilla Master @ Triple _ Gz1. TYVM for this graphic guy!,Positive
Great tips from out gorilla master @ Triple _ Gz1. TYVM for this graphic dude!,Positive
Great tips from out gorilla master m. TYVM for this graphic dude!,Positive
Great tips from burnt out gorilla master DJ @Triple_Gz1. TYVM for taking this graphic romance dude!,Positive
Great tips from out personal trainer @Triple_Gz1. TYVM for this graphic dude!,Positive
@Borderlands @DuvalMagic @GearboxOfficial I just wanted to say a huge thank you to all of you who worked and are working on borderlands and gearbox you’ve been crushing it enven more than before covid knowing how it must have been difficult so THANK YOU. ,Positive
"@ Borderlands @ DuvalMagic @ GearboxOfficial I just wanted to say a huge thank you to all of you who have worked and continue to work on Borderlands and Gears, you crushed it more than ever before because you know how difficult it must have been, so THANK YOU.",Positive
@ Borderlands @ DuvalMagic @ GearboxOfficial I just wanted to say a huge thank you to all of you who have worked and are working on borderlands and gearbox you were broken more than ever before.,Positive
@Borderlands @DuvalMagic … I just wanted too say a huge thank you for all of them who worked and are working on borderlands and gearbox you’ve been crushing it enven more than before covid knowing how it must have been difficult so THANK IT.,Positive
@Borderlands... @DuvalMagic... @GearboxOfficial I just wanted to say saying a good huge thank you to all those of you who worked and are working on borderlands wheels and gearbox you ’ ve been crushing it enven more than months before covid knowing now how it all must have been real difficult so THANK YOU.,Positive
of @Borderlands @DuvalMagic I just gotta go offer one huge thank of to all of you who worked and are working on borderlands and gearbox you’ve been crushing here enven more than before totally understand how it must have been difficult so THANK YOU.,Positive
Trying out  ,Neutral
,Neutral
Trying to get out,Neutral
Trying it,Neutral
Trying it out,Neutral
you out,Neutral
"Today’s Best Game Deals: FIFA 20 $18, Borderlands Handsome $15, more – 9to5Toys uk.googlehits.com/as-we-speaks-f…",Positive
"The best gaming deals today: FIFA 20 $18, Borderlands Handsome $15, more - 9to5Toys uk.googlehits.com / as-we-speak-f...",Positive
"The best deals so far: FIFA 20 $18, Borderlands Handsome $15, more - 9to5Toys uk.googfcits.com / as-we-speak-f...",Positive
"Today’s Best Game Movies: FIFA 13 $18, Borderlands 8 $15, more – 9to5Toys 10.googlehits.com/as-we-speaks-f…",Positive
"Today ’ ′ s Show Best Game Winner Deals : FIFA 20 $ 18, against Borderlands 2 Handsome $ 15, more as – 9to5Toys 2016 uk. Retrieved googlehits. com / sales as - we - speaks - f …",Neutral
"your Best FIFA Deals: FIFA 20 1, The Handsome 5, Play – via uk.googlehits.com/as-we-speaks-f...",Positive
"@Ki11ersix My homage to a friend, a warrior of Borderlands 3 yesterday that rose to the heavens (Pandora) ... that is resting in a great friend with the Lord God ... here just miss the lots ... thank you. pic.twitter.com/so0Wdbh7A8",Positive
"@ Ki11ersix My tribute to a friend, a warrior from Borderlands 3 yesterday who ascended to heaven (Pandora)... who rests in a great friend with the Lord God... here you just miss the lot. pic.twitter.com / so0Wdbh7A8",Positive
"@ Ki11ersix My tribute to a friend, the warrior from Borderlands 3 yesterday who rose to the heavyweights (Pandora)... who is a great friend of God... here just miss the lot... thank you.",Positive
"RhandlerR My homage to a friend, a warrior of Borderlands 3 yesterday that rose to the heavens (Pandora) ... that is resting in a great friend with the Lord God ... here just miss the lots ... thank you. pic.twitter.com/so0Wdbh7A8",Positive
"CD RhandlerR My homage to a friend, a warrior of Borderlands 3 yesterday that rose to the heavens (Pandora) ... that is resting in a great friend with the Lord God ... here just miss the lots ... thank you. pic.twitter.com/so0Wdbh7A8",Positive
it,Neutral
i kno borderlands handled zer0 being nonbinary kinda shittily with them being most likely nonhuman (?) to start and then forgetting their pronouns in tftbl but i still rlly like zer0 and am happy to have them :-) same with fl4k i love them too and they're both playable mcs so,Positive
i kno borderlands handling zer0 being nonbinary kind shitty with they are most likely inhuman (?) to start and then forget their pronouns in tftbl but i rlly like zer0 and me happy to have them: -) same with fl4k I love them too and they are both playable mcs so,Positive
"i kno borderlands managed zer0 being nonbinary kinda shittily with them being most likely non-human (?) to start and then forget their pronobel in t, but i still rlly like zer0 and am happy to have them: -) same with fl4k i love them too and they're both playable mso",Positive
"i kno borderlands handled zer0 be nonbinary kinda easier than them being most definitely nonhuman (?) to start and then forgetting their pronouns in tftbl but i still rlly like zer0 and am happy to have them, same with fl4k i read them too and they're both playable mcs so",Positive
i kno The borderlands handled zer0 only being nonbinary but kinda i shittily with them being too most likely non nonhuman (? ) to start and then usually forgetting their pronouns in tftbl but i still rlly like zer0 and g am happy to have them : - ) t same with fl4k i love into them too and they're both playable mcs so,Positive
i kno c handled zer0 being bad kinda shittily with me being most likely nonhuman (?) to start and then forgetting their worth in tftbl but i still rlly like zer0 and was trying to enjoy them :-) same with fl4k i liked them well and they're both playable mcs the,Positive
Top 4 favourite games you say? 🤔. . Sea of Thieves . Bioshock . SSX3 . Battlefield 1. . What about you @ChloeSauras @ChrisLawis @ForsakenRose679 @tw1ztedpr1ncess,Neutral
Top 4 favorite games you say?... Sea of Thieves. Bioshock. SSX3. Battlefield 1.. What about you @ ChloeSauras @ ChrisLawis @ ForsakenRose679 @ tw1ztedpr1ncess,Neutral
Top 4 favorite games you're talking about?................................................................................................................................................................................,Neutral
Top 4 favourite games you say? 🤔.. Sea of Thieves … Bioshock.. SSX3. Battlefield 1. 1 What about you @ChloeSauras @ChrisLawis Really @ForsakenRose679,Neutral
... Top all 4 favourite adventure games you say? are [UNK].. Sea of Thieves. Bioshock. SSX3. Battlefield 1.. In What happens about when you want @ChloeSauras @ChrisLawis 0 @ForsakenRose679 @tw1ztedpr1ncess,Positive
My 4 favourite episodes who say? <unk>.. Sea of Thieves. Bioshock. SSX3. and 1.. What about you @ChloeSauras What @ChrisLawis I,Positive
I miss borderlands tumblr so much- so many of those accounts I used to love were deactivated- never to return to the fandom </3,Negative
I miss Borderland's Tumblr so much - so many of those accounts I used to love have been deactivated - that I will never return to the fandom. < / 3,Negative
I miss the border so much that many of the accounts I loved have been deactivated to never return to the fundom; / 3,Negative
I miss borderlands tumblr so much- so one of those accounts I used to love were deactivated- but really return to the fandom </3,Neutral
Since I would miss... borderlands tumblr so much - so many of those current accounts things I used to love were deactivated - never to return again to visit the fandom < / 3,Negative
I closed borderlands tumblr so much- so many of those accounts who used to love were buried- never could return to normal fandom </3,Negative
 . .  .  .  .  .  ,Neutral
,Neutral
........,Neutral
..    . . .,Neutral
......,Neutral
......,Neutral
IM SO FUCKING EXCITED,Positive
IN THE SO FICKING EXCELLENT,Negative
The Proton-M launch vehicle that disappeared from the face of the Earth,Neutral
IM SO FUCKING IN,Negative
IM AT SO GO FUCKING EXCITED,Positive
IM SO WHAT EXCITED,Positive
Well this is certainly a development.,Positive
"Well, that's certainly a development.",Positive
"Well, that's development, of course.",Neutral
Well this is certainly a question.,Neutral
Well... this is certainly a development.,Positive
Well this is not a development.,Negative
GameSpot: Borderlands 3's DLC Dismisses Major Problems With Lovecraft's Work ift.tt/39qpeiS,Neutral
GameSpot: Borderlands 3's DLC rejects major issues with Lovecraft's work ift.tt / 39qpeiS,Neutral
GameSpot: DLC's Borderlands 3 fires protagonists over Lovecraft i.tt / 39qS,Neutral
GameSpot: Borderlands 3's DLC Dismisses Major Problems - Lovecraft's Dream ift.tt/39qpeiS,Neutral
Official GameSpot : Lost Borderlands 3's DLC Dismisses Major Problems Running With Lovecraft's Underground Work as ift. 0 tt / 39qpeiS,Negative
GameSpot: Fantasy III's Music has Major Problems With Lovecraft's Work ift.tt/39qpeiS,Negative
@UnitedHayze Glad to see my efforts have been noticed; a 4-way Borderlands Co-Op would be awesome! pic.twitter.com/vcgNcpMAvu,Positive
@ UnitedHayze Glad to see my efforts were noticed; a 4-way Borderlands Co-Op would be awesome! pic.twitter.com / vcgNcpMAvu,Positive
@ UnitedHayze to have my efforts noticed; 4-way Borderlands Co-Op would be amazing! pic.facebook.com / vcgNcpMavu,Positive
RhandlerR Glad to see my efforts have been noticed; a 4-way Borderlands Co-Op would be awesome! pic.twitter.com/vcgNcpMAvu,Positive
2014 RhandlerR Glad to see my efforts have been noticed; a 4-way Borderlands Co-Op would be awesome! pic.twitter.com/vcgNcpMAvu,Positive
of,Neutral
Super tempted to get a simple black heart tattoo right above my tit like Ellie from Borderlands lol. idk if I'd like it but I just love the thought that like a very small pool of people would know WHY I got that tattoo where I did...cause simple black hearts are pretty common lol,Positive
"Super trying to get a simple black heart tattoo right over my tits, like Ellie from Borderlands lol. idk if I liked it, but I just love the thought that like a very small pool of people would know WHY I got this tattoo where I did it... because simple black hearts are pretty common lol",Positive
"Super temptation to get a simple black heart tattoo right above my tit like Ellie from Borderlands lol. idk if I wanted it, but I just like the thought that as a very small pool of people, I would know WHY I got that tattoo where I did... because simple black hearts are quite common lol",Neutral
Super tempted to get a simple black heart tattoo right above my shoulder like Ellie from Borderlands 1. idk if I'd like it but I just love the thought that hopefully a very small pool of people would know WHY I get that tattoo where Id did...cause simple black hearts are pretty common lol,Positive
Super tempted is to get a simple black heart with tattoo right above my tit tattoo like Ellie from Borderlands lol. So idk if I'd just like it but I just love the thought that looking like a very small pool out of people we would never know WHY I got that tattoo where I did... to cause simple black hearts are pretty common lol,Positive
been tempted to get black simple black soul tattoo right where my heart like Ellie from Borderlands lol. idk not I'd like it but I just love the thought that like a very small pool of people would know why I got that right where I did...cause simple white ones are pretty common lol,Positive
4 player local Borderlands 3. Such a great weekend.,Positive
4 player local Borderlands 3. Such a great weekend.,Positive
4 local Borderlands players 3. Such a big weekend.,Positive
4 More local Borderlands 3. Such a great weekend.,Positive
4 2 player local play Borderlands 3. Such a great weekend.,Positive
4 player local Borderlands shop. Such a great weekend.,Positive
Sly @Borderlands haha. The mission “The Demon in the Dark”. Mines of Moria. Nice.,Positive
"Sly @ Borderlands haha. The mission ""The demon in the dark."" Moria mines. Nice.",Positive
"Sly @ Borderlands haha. The mission ""The Demon in the Dark."" Mines of Moria. Nice.",Positive
Sly @Borderlands haha. The mission “The Demon at Full Dark”. Mines of Moria. Nice.,Positive
Sly G @Borderlands haha. The mission is “ The High Demon District in the Dark ”. the Mines of Moria. Nice.,Positive
Sly @Borderlands haha. Great mission “The Key in the Jar. Mines Del Moria. Nice.,Positive
playing borderlands 3 before 2 was a mistake bc now i know who dies ):. also now when i replay 3 im gonna be A MESS at the end...,Negative
"To play Borderlands 3 before 2 was a mistake bc now I know who dies): even now if I replay 3, I will end up A MESS...",Negative
playing borderlands 3 before 2 was a mistake bc now i know who dies):. also now when i replay 3 im gonna be A MESS at the end...,Negative
playing borderlands 3 before 2 was a mistake bc now i know who dies ):. also being that i replay 3 im gonna get A MESS at the end...,Negative
playing borderlands because 3 before 2 was a final mistake bc now all i know who dies ) :. also now when won i play replay 3 im be gonna be A G MESS at the end...,Negative
playing those 3 vs 2 was a struggle bc now i know who dies ):. also because when i replay that im gonna be A MESS at the beginning...,Negative
Who runs borderlands 3 on xbox that game is so Dope I'm tryna run squads mann,Neutral
Who runs Borderlands 3 on xbox that game is so dope I'm tryna run squad man,Positive
Who runs Borderlands 3 on xbox that game so dope I trina run commands.,Positive
Who runs borderlands 3 on xbox this shit is so Dope I'm tryna run squads mann,Negative
Who never runs borderlands 3 on xbox that video game This is going so Dope I'm tryna run squads mann,Neutral
Who buy borderlands for 2 xbox that game is so Dope I'm tryna run squads mann,Neutral
Morning~!!. I'm split on playing PSO2 or Borderlands 3 for todays stream. 🤔. Either way a stream today is happening and I'm excited to hang out nonetheless!!. Hope your weekend was well. .  :3 pic.twitter.com/X0CrvuK8Pq,Positive
"Tomorrow ~!!. I'm split when it comes to playing PSO2 or Borderlands 3 for today's stream. Either way, a stream is underway today and I'm still looking forward to hanging out!!. Hope your weekend was good...: 3 pic.twitter.com / X0CrvuK8Pq",Positive
Morning ~!!. I'm split on playing PS2 or Borderlands 3 for today stream.,Neutral
Morning~!!. I'm split on playing PSO2 or Borderlands 3 for todays stream. 🤔. Either way a stream today is happening and I'm excited to hang out nonetheless!!. Hope your weekend was well. .  :3 pic.twitter.com/X0CrvuK8Pq,Positive
1 Morning~!!. I'm split on playing PSO2 or Borderlands 3 for todays stream. 🤔. Either way a stream today is happening and I'm excited to hang out nonetheless!!. Hope your weekend was well. .  :3 pic.twitter.com/X0CrvuK8Pq,Positive
we,Neutral
"‘Borderlands 3’ Turned Its Mayhem Modifiers Back On, And That Was A Mistake ie.jobwx.eu/Rg2956",Negative
"""Borderlands 3"" turned on its mayhem modifiers again, and that was a mistake ie.jobwx.eu / Rg2956",Negative
"""Borderlands 3"" turned on the Mayhem modifiers, and it was a mistake.",Negative
"‘Borderlands 3’ Putting Its Mayhem Modifiers Back On, And That Sounds Huge Mistake ie.jobwx.eu/Rg2956",Negative
"‘ Borderlands 3 The ’ Turned Its Skin Mayhem Best Modifiers Come Back On, And Me That Was Only A Mistake ie. free jobwx. eu / Rg2956",Neutral
"May 3’ Turned Its Mayhem War Back On, And That Enter the Issue ie.jobwx.eu/Rg2956",Neutral
Actually. I think borderlands 3 might be my 5th fave. But it wouldn't be stand alone.... But god do I love and enjoy bl3!!!,Positive
"Actually. I think Borderlands 3 could be my fifth favorite, but it wouldn't be alone.... But God, I love bl3 and enjoy it!!!",Positive
